Score,Seed Value,weight_decay,batch_size,n_epochs,n_epochs_2,margin,min_val,max_val
0.8962,64,0.00047429982404241755,15000,101,176,0.30000000000000004,2.2831203111183386e-07,0.004176805293499553
