Score,Seed Value,weight_decay,batch_size,n_epochs,margin,min_val,max_val
0.8348,99,0.0002962344738307948,15000,60,0.7000000000000001,3.33571320552929e-06,0.009100516016781905
